{"name":"C","tags":["Major","Key of C"],"notes":[{"x":347.3333333333333,"y":1372},{"x":616,"y":1390.5},{"x":848.8333333333334,"y":1421.5}]}